Type,Name,Request Count,Failure Count,Median Response Time,Average Response Time,Min Response Time,Max Response Time,Average Content Size,Requests/s,Failures/s,50%,66%,75%,80%,90%,95%,98%,99%,99.90%,99.99%,100%
GET,/,41,0,14,20.55201707,9.360100026,87.70299994,5080,1.17115864,0,14,17,17,22,39,64,88,88,88,88,88
GET,/donate,57,0,14,19.90231052,10.2592,93.64440001,2569,1.628196158,0,14,17,20,24,35,61,80,94,94,94,94
GET,/guide,70,0,15,25.06131286,10.41980006,121.592,8035,1.999539141,0,15,20,22,28,45,120,120,120,120,120,120
GET,/login,57,0,13,19.49541579,9.354699985,102.9061,2569,1.628196158,0,13,16,18,25,38,40,93,100,100,100,100
GET,/register,46,0,14,18.56139783,9.711900027,68.99160007,6534,1.313982864,0,14,16,19,22,36,43,69,69,69,69,69
GET,/request,60,0,13,18.72854999,10.12870006,121.9202001,3564,1.713890692,0,13,17,21,22,34,43,46,120,120,120,120
,Aggregated,331,0,14,20.6046293,9.354699985,121.9202001,4767.371601,9.454963652,0,14,17,21,23,38,46,98,120,120,120,120
